0,cleaf,cawood,cfroot,cmass
1,0.47736905924479167,4.538056640625,0.46725870768229166,5.4826844075520835
